# 010 breach,
# Experiment Data (Section Y = 915 m),
X,H
m,m
90.90909091,1
181.8181818,1.202816901
272.7272727,1.316901408
545.4545455,1.215492958
818.1818182,1.050704225
1090.909091,0.961971831
1376.623377,0.873239437
1649.350649,0.809859155
1922.077922,0.75915493
